{"cameraMode":{"drawMode":0,"name":"Shaded","section":"Shading Mode"},"sceneLighting":true,"audioPlay":false,"sceneViewState":{"showFog":true,"showMaterialUpdate":false,"showSkybox":true,"showFlares":true,"showImageEffects":true,"showParticleSystems":true},"in2DMode":false,"pivot":{"x":3.5279407501220705,"y":-6.780252456665039,"z":11.157085418701172},"rotation":{"x":0.1599801629781723,"y":-0.8132516145706177,"z":0.26364946365356448,"w":0.49347469210624697},"size":19.63624382019043,"orthographic":false}